类型,station_id,经度,纬度
关闭,313744932_3413,113.239207,23.19439
关闭,914401153_JT0045,113.217082,23.363041
关闭,313744932_3408,113.548495,23.128645
关闭,914401153_JT0100,113.321326,23.120687
关闭,MA0019FW4_GZYY-BYSF-020-0010,113.281281,23.197834
关闭,914401153_JT0096,113.255643,23.128971
关闭,395815801_4401110059,113.268434,23.206579
关闭,313744932_335,113.177275,23.06893
关闭,395815801_4401130033,113.404503,23.053473
关闭,313744932_1376,113.349668,23.254231
关闭,395815801_4401030001,113.227372,23.069645
关闭,313744932_2355,113.227898,23.071733
关闭,313744932_506,113.235314,23.212132
关闭,313744932_789,113.298778,23.220959
关闭,395815801_4401130008,113.360046,22.978108
关闭,313744932_97,113.245349,23.174136
关闭,395815801_4401140003,113.22491,23.38733
关闭,395815801_4401060022,113.36324,23.127203
关闭,313744932_2571,113.250322,23.163123
关闭,395815801_4401110003,113.244431,23.197476
关闭,313744932_61,113.319993,23.168469
关闭,313744932_3222,113.339118,23.18449
关闭,313744932_2929,113.30191,23.225783
关闭,313744932_899,113.248675,23.165911
关闭,313744932_1087,113.249911,23.251988
关闭,MA1FP0228_11123,113.342076,23.152198
关闭,395815801_4401060010,113.329365,23.143562
关闭,313744932_11633,113.24331,23.126825
关闭,MA0019FW4_GZYY-DYSW-020-0005,113.396951,23.116897
关闭,726811355_304,113.309535,23.019505
关闭,MA0019FW4_GZYY-CHCY-020-0004,113.235854,23.166429
关闭,313744932_447,113.328914,22.994719
关闭,313744932_478,113.281077,23.247335
关闭,395815801_4401110027,113.282972,23.240748
关闭,313744932_1704,113.270362,23.233363
关闭,313744932_1384,113.207918,23.238054
关闭,320513112_20-246,113.218875,23.38979
关闭,313744932_17,113.340693,23.177589
关闭,320513112_20-283,113.195611,23.40334
关闭,MA0019FW4_GZYY-DXCZ-020-0006,113.401083,23.056019
关闭,313744932_794,113.296819,23.229378
关闭,313744932_11745,113.276613,23.211954
关闭,313744932_878,113.328943,22.994211
关闭,313744932_1749,113.322437,23.169231
关闭,313744932_339,113.234993,23.212477
关闭,395815801_4401140002,113.227532,23.474182
关闭,313744932_398,113.367656,23.044376
关闭,313744932_2594,113.354195,23.186855
关闭,MA0019FW4_GZYY-SYNH-020-0003,113.325635,23.021892
关闭,313744932_1452,113.251815,23.159438
关闭,313744932_2422,113.401992,23.158157
关闭,313744932_1377,113.248459,23.182027
关闭,313744932_733,113.31266,23.274265
关闭,313744932_3172,113.235238,23.212134
关闭,313744932_2786,113.297184,23.229011
关闭,395815801_4401180005,113.663766,23.130467
关闭,395815801_4401030007,113.210425,23.054544
关闭,313744932_2711,113.266376,23.217349
关闭,395815801_4401060029,113.397641,23.115796
关闭,914401153_JT0002,113.225021,23.100614
关闭,914401153_JT0027,113.24101,23.13691
关闭,313744932_3555,113.283807,23.205985
关闭,313744932_504,113.262256,23.138408
关闭,395815801_4401180013,113.590265,23.156629
关闭,395815801_4401060030,113.414692,23.1128
关闭,320513112_20-277,113.21825,23.362885
关闭,395815801_4401030004,113.228877,23.078679
关闭,395815801_4401060042,113.369963,23.134554
关闭,395815801_4401060037,113.370289,23.134227
关闭,313744932_1490,113.576397,23.113475
关闭,313744932_2267,113.317356,23.144292
关闭,313744932_2862,113.446288,23.175044
关闭,313744932_3144,113.317516,23.151581
关闭,395815801_4401030003,113.223708,23.092143
关闭,313744932_3048,113.298778,23.220959
关闭,313744932_1691,113.253755,23.240658
关闭,395815801_4401030010,113.232541,23.147803
关闭,313744932_235,113.292822,23.217506
关闭,395815801_4401060002,113.400394,23.135954
关闭,320513112_20-281,113.4555,22.885804
关闭,313744932_2152,113.235322,23.212256
关闭,313744932_1852,113.283066,23.259325
关闭,395815801_4401180002,113.791968,23.279825
关闭,313744932_320492,113.531627,23.134186
关闭,313744932_2640,113.354096,23.186675
关闭,313744932_1064,113.419469,23.121983
关闭,313744932_1179,113.247041,23.249114
关闭,320513112_20-270,113.601244,23.188047
关闭,313744932_2881,113.229814,23.163417
关闭,313744932_3783,113.40417,23.049419
关闭,320513112_20-269,113.601363,23.188055
关闭,313744932_1723,113.286838,23.219492
关闭,313744932_1124,113.260091,23.200939
关闭,313744932_320818,113.529824,23.134032
关闭,313744932_3146,113.317516,23.151581
关闭,914401153_JT0026,113.517839,23.054052
关闭,313744932_2340,113.311054,23.251566
关闭,320513112_20-268,113.601247,23.184599
关闭,395815801_4401130007,113.34423,22.94232
关闭,313744932_2323,113.262255,23.138403
关闭,313744932_905,113.349445,23.254256
关闭,MA0019FW4_GZYY-SSCC-020-0023,113.407171,23.051774
关闭,395815801_4401110018,113.219515,23.203466
关闭,313744932_100,113.267351,23.220001
关闭,395815801_4401130009,113.356046,22.977898
关闭,395815801_4401040024,113.302379,23.15931
关闭,313744932_3156,113.317516,23.151581
关闭,395815801_4401110035,113.293584,23.301179
关闭,313744932_1582,113.355341,22.94173
关闭,MA0019FW4_GZYY-BLTD-020-0014,113.530038,23.492588
关闭,395815801_4401170006,113.672094,23.675942
关闭,MA0019FW4_GZYY-DXBT-020-0019,113.367101,23.053251
关闭,320513112_20-133,113.540483,22.802761
关闭,313744932_3293,113.254555,23.157628
关闭,914401153_JT0065,113.240439,23.268733
关闭,313744932_3743,113.260102,23.197707
关闭,320513112_20-221,113.334614,23.178296
关闭,395815801_4401040028,113.247756,23.147896
关闭,313744932_2140,113.316621,23.154068
关闭,MA0019FW4_GZYY-MTHG-020-0017,113.238103,23.200451
关闭,313744932_2245,113.286722,23.219523
关闭,395815801_4401140006,113.228191,23.40773
关闭,395815801_4401180010,113.55581,23.12145
关闭,395815801_4401110068,113.294523,23.162205
关闭,MA0019FW4_GZYY-HHZC-020-0001,113.335916,23.175402
关闭,320513112_20-220,113.335818,23.176573
关闭,313744932_2101,113.310443,23.12551
关闭,313744932_3149,113.317516,23.151581
关闭,320513112_20-263,113.231746,23.189832
关闭,313744932_2162,113.267227,23.22001
关闭,MA0019FW4_GZYY-BTCE-020-0024,113.369156,23.05599
关闭,313744932_428,113.29065,23.257128
关闭,313744932_1986,113.419722,23.121944
关闭,395815801_4401110019,113.193278,23.232364
关闭,313744932_306,113.319547,23.126224
关闭,313744932_732,113.319547,23.126224
关闭,313744932_781,113.319547,23.126224
关闭,313744932_204,113.319547,23.126221
关闭,313744932_1524,113.319547,23.126221
关闭,313744932_1529,113.319539,23.126224
关闭,313744932_2447,113.377441,22.94289
关闭,313744932_2699,113.308014,23.0391
关闭,320513112_20-282,113.198008,23.383388
关闭,914401153_JT0022,113.325812,23.171756
关闭,313744932_3157,113.317516,23.151581
关闭,395815801_4401060020,113.377722,23.217708
关闭,313744932_3143,113.317516,23.151581
关闭,313744932_2496,113.310443,23.12551
关闭,395815801_4401110051,113.254377,23.172976
关闭,313744932_2397,113.183184,23.441571
关闭,395815801_4401110006,113.234248,23.337904
关闭,395815801_4401180003,113.838071,23.298199
关闭,313744932_2048,113.253755,23.240658
关闭,313744932_1341,113.329062,22.994654
关闭,313744932_8,113.420581,23.214792
关闭,313744932_796,113.266041,23.217309
关闭,320513112_20-135,113.232696,23.104747
关闭,313744932_429,113.421297,23.200263
关闭,313744932_1294,113.421288,23.20021
关闭,914401153_JT0007,113.234613,23.183225
关闭,313744932_1303,113.252409,23.247105
关闭,313744932_1807,113.409742,23.168008
关闭,313744932_437,113.409628,23.168003
关闭,313744932_251,113.282799,23.250028
关闭,313744932_94,113.283332,23.259438
关闭,313744932_356,113.279387,23.228969
关闭,395815801_4401060005,113.385622,23.140715
关闭,914401153_JT0057,113.268559,23.174203
关闭,313744932_258,113.250529,23.249526
关闭,313744932_1923,113.353968,23.186874
关闭,313744932_2046,113.353968,23.186731
关闭,313744932_658,113.298771,23.283092
关闭,313744932_1078,113.419499,23.121999
关闭,395815801_4401050010,113.247515,23.099002
关闭,313744932_3041,113.584127,23.524832
关闭,395815801_4401030016,113.210425,23.054544
关闭,313744932_2930,113.296408,23.22121
关闭,313744932_343,113.252281,23.142391
关闭,395815801_4401130021,113.336448,22.97164
关闭,320513112_20-243,113.160532,23.466153
关闭,313744932_1310,113.228423,23.166647
关闭,313744932_2591,113.262198,23.21387
关闭,313744932_1661,113.374767,23.128248
关闭,313744932_2768,113.350352,22.960186
关闭,395815801_4401110071,113.268373,23.208853
关闭,320513112_20-245,113.179111,23.456183
关闭,313744932_2381,113.258199,23.206299
关闭,395815801_4401110048,113.254251,23.172943
关闭,MA0019FW4_GZYY-JHDS-020-0012,113.277149,23.241689
关闭,395815801_4401110011,113.264471,23.215755
关闭,313744932_383,113.318243,23.145175
关闭,395815801_4401130019,113.366113,22.94096
关闭,313744932_3219,113.250399,23.16308
关闭,914401153_JT0024,113.260262,23.204926
关闭,395815801_4401110020,113.287881,23.337323
关闭,395815801_4401050009,113.298798,23.074585
关闭,313744932_1013,113.721929,23.203174
关闭,313744932_1625,113.188127,23.149982
关闭,313744932_423,113.253372,23.142502
关闭,313744932_228,113.253273,23.14199
关闭,313744932_11747,113.276038,23.211972
关闭,313744932_1750,113.253265,23.142517
关闭,395815801_4401110047,113.299993,23.235285
关闭,313744932_1560,113.315597,23.138298
关闭,320513112_20-014,113.357954,22.957644
关闭,313744932_678,113.321523,23.27905
关闭,395815801_4401030006,113.240658,23.093034
关闭,914401153_JT0017,113.277972,23.215317
关闭,313744932_3220,113.334544,23.099998
关闭,324887859_6fe19e0dd6dd11e6a20100163e0027ca,113.339105,22.922885
关闭,313744932_717,113.25199,23.159087
关闭,313744932_2174,113.320358,23.168084
关闭,313744932_1943,113.318385,23.145381
关闭,313744932_1912,113.421746,23.214354
关闭,313744932_2958,113.292777,23.217516
关闭,914401153_JT0020,113.54766,23.117218
关闭,395815801_4401060015,113.321568,23.148307
关闭,395815801_4401060013,113.313816,23.123167
关闭,914401153_JT0010,113.251343,23.24875
关闭,313744932_3034,113.408788,23.226154
关闭,914401153_JT0028,113.269079,23.081908
关闭,313744932_248,113.576397,23.113475
关闭,914401153_JT0060,113.333275,23.21226
关闭,395815801_4401130048,113.283969,22.895171
关闭,395815801_4401030015,113.222055,23.098763
关闭,313744932_456,113.318281,23.14514
关闭,395815801_4401130010,113.42358,22.961556
关闭,313744932_1948,113.247051,23.354425
关闭,395815801_4401060051,113.412474,23.115035
关闭,395815801_4401060014,113.385266,23.140667
关闭,313744932_2219,113.326298,23.021625
关闭,395815801_4401110065,113.258629,23.202631
关闭,313744932_1478,113.326224,23.021593
关闭,395815801_4401110055,113.254688,23.172685
关闭,MA0019FW4_GZYY-GZYD-020-0018,113.252024,23.052795
关闭,MA0019FW4_GZYY-HRDS-020-0008,113.285711,23.127114
关闭,313744932_351,113.229438,23.158342
关闭,395815801_4401110073,113.227991,23.213339
关闭,313744932_2041,113.288212,23.34563
关闭,MA0019FW4_GZYY-FLGC-020-0016,113.447047,23.116606
关闭,313744932_2342,113.250047,23.065686
关闭,313744932_132,113.271274,23.164163
关闭,395815801_4401110054,113.253711,23.173053
关闭,395815801_4401110052,113.254044,23.173102
关闭,313744932_2155,113.294799,23.309682
关闭,395815801_4401110053,113.254125,23.173378
关闭,313744932_3202,113.33876,23.185367
关闭,395815801_4401110056,113.254035,23.17301
关闭,395815801_4401110049,113.254251,23.172943
关闭,395815801_4401110050,113.254251,23.172943
关闭,313744932_324,113.383378,22.979239
关闭,313744932_1637,113.383413,22.979197
关闭,313744932_11698,113.321395,23.124632
关闭,914401153_JT0055,113.301245,23.003884
关闭,395815801_4401110039,113.279596,23.239885
关闭,313744932_1995,113.310443,23.12551
关闭,313744932_2615,113.318385,23.145381
关闭,313744932_191,113.470348,22.879235
关闭,395815801_4401110021,113.262317,23.197811
关闭,313744932_237,113.311552,23.137017
关闭,395815801_4401130036,113.304743,23.032679
关闭,313744932_2965,113.298155,23.217995
关闭,320513112_20-226,113.139157,23.373894
关闭,313744932_1510,113.362171,23.015499
关闭,313744932_2053,113.319507,23.150974
关闭,313744932_2896,113.319773,23.150995
关闭,313744932_12892,113.250425,23.236554
关闭,313744932_11903,113.616873,23.596758
关闭,313744932_705,113.321223,23.038162
关闭,313744932_12962,113.294093,23.314006
关闭,726811355_531,113.332781,22.91815
关闭,395815801_4401130051,113.478962,23.052554
关闭,320513112_20-008,113.321585,23.123451
关闭,395815801_4401130027,113.313315,22.970698
关闭,914401153_JT0012,113.325075,23.120399
关闭,914401153_JT0074,113.47719,23.09041
关闭,313744932_694,113.246231,23.256687
关闭,395815801_4401050012,113.337332,23.101058
关闭,313744932_1483,113.592345,23.554789
关闭,914401153_JT0021,113.303656,23.011633
关闭,395815801_4401110075,113.26733,23.197581
关闭,313744932_3081,113.850477,23.280927
关闭,914401153_JT0011,113.330955,23.136655
关闭,320513112_20-287,113.351336,23.259089
关闭,313744932_12171,113.373926,23.106753
关闭,313744932_3068,113.816548,23.184746
关闭,395815801_4401110057,113.255022,23.169116
关闭,MA0019FW4_GZYY-YLXJ-020-0021,113.400284,23.042588
关闭,914401153_JT0013,113.574717,23.105789
关闭,914401153_JT0046,113.527859,23.091699
关闭,313744932_3352,113.291307,23.347684
关闭,313744932_12457,113.291425,23.344629
关闭,313744932_12248,113.311866,23.118587
关闭,313744932_12435,113.253309,23.142404
关闭,395815801_4401130037,113.363508,22.948548
关闭,313744932_3664,113.649879,23.645796
关闭,313744932_13214,113.316892,23.01572
关闭,914401153_JT0059,113.4155,23.177206
关闭,313744932_508,113.239225,23.394551
关闭,313744932_3049,113.313239,23.258485
关闭,MA0019FW4_GZYY-JHSW-020-0011,113.371197,23.131869
关闭,313744932_3035,113.701633,23.69528
关闭,395815801_4401060035,113.404528,23.173487
关闭,313744932_2378,113.399428,23.123722
关闭,395815801_4401050006,113.323041,23.084171
关闭,395815801_4401050011,113.247516,23.099012
关闭,313744932_103,113.239382,23.394092
关闭,313744932_1312,113.224704,23.06374
关闭,333599517_4401140000100070064,113.298083,23.437139
关闭,914401153_JT0054,113.428223,23.191204
关闭,313744932_1231,113.826888,23.324659
关闭,395815801_4401040031,113.257894,23.12777
关闭,MA4KL69J6_4401140000100070064,113.298083,23.437139
关闭,313744932_320175,113.155231,23.403219
关闭,726811355_225,113.347905,22.913601
关闭,395815801_4401060043,113.324258,23.122036
关闭,395815801_4401110016,113.301658,23.23606
关闭,MA1FP0228_11109,113.412313,23.122036
关闭,726811355_204,113.307486,22.980922
关闭,313744932_3167,113.611996,23.124484
关闭,313744932_1844,113.249339,23.2097
关闭,313744932_1117,113.288216,23.21621
关闭,313744932_12730,113.261115,23.082625
关闭,914401153_JT0077,113.22764,23.115418
关闭,395815801_4401130001,113.333786,22.940951
关闭,914401153_JT0018,113.420645,23.200401
关闭,395815801_4401060006,113.310375,23.139005
关闭,914401153_JT0015,113.377463,23.014162
关闭,313744932_687,113.263899,23.212936
关闭,914401153_JT0023,113.240158,23.411458
关闭,395815801_4401110022,113.327391,23.178505
关闭,313744932_3084,113.520134,23.082294
新增(路网节点),NEW,112.9846789,23.4437298
新增(路网节点),NEW,113.2557119,22.9980755
新增(路网节点),NEW,113.3855769,22.8211069
新增(路网节点),NEW,113.5030366,23.1913933
新增(路网节点),NEW,113.3061828,22.8667785
新增(路网节点),NEW,114.0028402,23.8512572
新增(路网节点),NEW,113.136015,23.3088281
新增(路网节点),NEW,113.5490633,23.0894836
新增(路网节点),NEW,113.4758607,23.2106127
新增(路网节点),NEW,113.4574621,23.6179257
新增(路网节点),NEW,113.2036769,23.1179981
新增(路网节点),NEW,113.089874,23.3108019
新增(路网节点),NEW,113.6655732,22.6544926
新增(路网节点),NEW,113.8715322,23.4292957
新增(路网节点),NEW,113.0101643,23.447691
新增(路网节点),NEW,113.1300117,23.4725495
新增(路网节点),NEW,113.2627775,23.2699515
新增(路网节点),NEW,113.3091328,23.5070112
新增(路网节点),NEW,113.6233047,23.343011
新增(路网节点),NEW,113.8352405,23.8108616
新增(路网节点),NEW,113.409889,23.6780841
新增(路网节点),NEW,113.6452979,23.360485
新增(路网节点),NEW,113.6707428,22.6397474
新增(路网节点),NEW,113.8865402,23.8204633
新增(路网节点),NEW,113.8897019,23.4467621
新增(路网节点),NEW,113.5309447,23.4015914
新增(路网节点),NEW,113.6141297,23.3370413
新增(路网节点),NEW,113.5520127,22.8843421
新增(路网节点),NEW,113.0467501,23.3165416
新增(路网节点),NEW,113.4269701,23.4538859
新增(路网节点),NEW,113.6348629,23.3529726
新增(路网节点),NEW,113.6704265,22.6411851
新增(路网节点),NEW,113.5653686,23.2997986
新增(路网节点),NEW,113.4062001,23.6650733
新增(路网节点),NEW,113.5072336,23.4265802
新增(路网节点),NEW,113.2451824,23.5953978
新增(路网节点),NEW,113.7590487,23.7808514
新增(路网节点),NEW,113.7862185,23.4030283
新增(路网节点),NEW,113.4449124,23.5066368
新增(路网节点),NEW,113.4638211,23.5613891
新增(路网节点),NEW,113.6505066,23.3625197
新增(路网节点),NEW,113.9324536,23.8343583
新增(路网节点),NEW,113.5518525,22.8865042
新增(路网节点),NEW,113.788704,23.140693
新增(路网节点),NEW,113.5119267,23.4253653
新增(路网节点),NEW,113.5881321,23.3100728
新增(路网节点),NEW,113.6705794,22.6413456
新增(路网节点),NEW,113.052648,23.4429858
新增(路网节点),NEW,113.8916416,23.4479308
新增(路网节点),NEW,113.5656505,22.6775479
新增(路网节点),NEW,113.0903306,23.293964
新增(路网节点),NEW,113.7690193,23.1922299
新增(路网节点),NEW,113.531429,23.2815142
新增(路网节点),NEW,113.4090999,23.6501728
新增(路网节点),NEW,113.268139,23.5870107
新增(路网节点),NEW,113.4696352,23.4249128
新增(路网节点),NEW,113.6315594,23.3456361
新增(路网节点),NEW,113.7105553,23.1934846
新增(路网节点),NEW,113.7329797,23.3840474
新增(路网节点),NEW,113.0624366,23.4455957
新增(路网节点),NEW,113.6703546,22.6413346
新增(路网节点),NEW,113.5281303,23.279734
新增(路网节点),NEW,113.2995197,23.5610586
新增(路网节点),NEW,113.4864334,23.4285304
新增(路网节点),NEW,113.8706449,23.4261644
新增(路网节点),NEW,113.7193401,23.1971182
新增(路网节点),NEW,113.0725411,23.3127138
新增(路网节点),NEW,113.6405421,23.3507538
新增(路网节点),NEW,113.5537819,23.2916821
新增(路网节点),NEW,113.4411836,23.6030812
新增(路网节点),NEW,113.4580385,23.4338568
新增(路网节点),NEW,113.7813836,23.1719859
新增(路网节点),NEW,113.0344555,23.443904
新增(路网节点),NEW,113.2741096,23.5844938
新增(路网节点),NEW,113.7133124,23.1949407
新增(路网节点),NEW,114.0084055,23.8611513
新增(路网节点),NEW,113.5347453,23.2847611
新增(路网节点),NEW,113.7894364,23.4036009
新增(路网节点),NEW,113.6688431,22.6408655
新增(路网节点),NEW,113.4089926,23.6501384
新增(路网节点),NEW,113.5292467,22.8871849
新增(路网节点),NEW,113.7069936,23.1902031
新增(路网节点),NEW,113.4420722,23.5058969
新增(路网节点),NEW,113.0440046,23.3153889
新增(路网节点),NEW,113.8655609,23.8101164
新增(路网节点),NEW,113.913433,23.4839531
新增(路网节点),NEW,113.6255077,23.3303893
新增(路网节点),NEW,113.0313514,23.4439817
新增(路网节点),NEW,113.5220022,23.4091147
新增(路网节点),NEW,113.4531253,22.8312657
新增(路网节点),NEW,113.5826596,23.3090141
新增(路网节点),NEW,113.4546978,23.2566872
新增(路网节点),NEW,113.2614627,23.5907862
新增(路网节点),NEW,113.7018958,23.501463
新增(路网节点),NEW,113.759823,23.2048553
新增(路网节点),NEW,113.4637771,23.4269874
新增(路网节点),NEW,113.4423678,22.847671
新增(路网节点),NEW,113.8653296,23.4252185
新增(路网节点),NEW,113.6576064,23.3666046
新增(路网节点),NEW,113.0612614,23.445267
新增(路网节点),NEW,113.8190824,23.1307777
新增(路网节点),NEW,113.2888462,23.5488439
新增(路网节点),NEW,113.6642233,22.6391359
新增(路网节点),NEW,113.4427055,22.8476787
新增(路网节点),NEW,113.4403831,23.2614067
新增(路网节点),NEW,113.4098965,23.6387132
新增(路网节点),NEW,113.7388138,23.3911878
新增(路网节点),NEW,113.6437449,23.3487005
新增(路网节点),NEW,113.4529017,22.8318221
新增(路网节点),NEW,113.5487165,23.2909997
新增(路网节点),NEW,113.1004111,23.307607
新增(路网节点),NEW,113.5401728,22.6969744
新增(路网节点),NEW,113.2558609,23.5966849
新增(路网节点),NEW,113.4080565,23.7057197
新增(路网节点),NEW,113.4156308,23.3873192
新增(路网节点),NEW,113.0723767,23.4479461
新增(路网节点),NEW,113.5165519,23.4128311
新增(路网节点),NEW,113.4383636,22.8552808
新增(路网节点),NEW,113.7552041,23.2013307
新增(路网节点),NEW,113.8953896,23.4491592
新增(路网节点),NEW,113.4650144,23.267185
新增(路网节点),NEW,112.9960327,23.4501667
新增(路网节点),NEW,113.0792257,23.3104034
新增(路网节点),NEW,113.6245718,23.3031035
新增(路网节点),NEW,113.4527421,23.5940035
新增(路网节点),NEW,113.7140099,23.1957278
新增(路网节点),NEW,113.4643451,23.0378077
新增(路网节点),NEW,113.2772022,23.5840499
新增(路网节点),NEW,113.4555114,23.4359809
新增(路网节点),NEW,113.4572682,22.8246444
新增(路网节点),NEW,113.0929084,23.4555815
新增(路网节点),NEW,113.4437057,23.5139722
新增(路网节点),NEW,113.6177639,23.3582436
新增(路网节点),NEW,113.5007002,23.2762025
新增(路网节点),NEW,113.6749714,22.6225613
新增(路网节点),NEW,113.4794987,22.7804098
新增(路网节点),NEW,113.7954245,23.4054681
新增(路网节点),NEW,113.7778312,23.1736993
新增(路网节点),NEW,113.760281,23.7804799
新增(路网节点),NEW,113.6869948,23.1782451
新增(路网节点),NEW,113.8497742,23.2069705
新增(路网节点),NEW,113.4576118,23.2601228
新增(路网节点),NEW,113.4410512,22.8505705
新增(路网节点),NEW,113.5996499,22.7016961
新增(路网节点),NEW,113.6055004,23.2853686
新增(路网节点),NEW,113.1038388,23.4614176
新增(路网节点),NEW,113.4606101,23.0266507
新增(路网节点),NEW,113.4223815,23.4325459
新增(路网节点),NEW,113.4698565,23.5403924
新增(路网节点),NEW,113.2796726,23.5828928
新增(路网节点),NEW,113.4103718,23.6372012
新增(路网节点),NEW,113.1303059,23.3140801
新增(路网节点),NEW,113.7290663,23.3801428
新增(路网节点),NEW,113.704872,23.189209
新增(路网节点),NEW,113.028852,23.4441837
新增(路网节点),NEW,113.4439346,22.8449658
新增(路网节点),NEW,113.8960101,23.4522826
新增(路网节点),NEW,113.6274294,23.3061582
新增(路网节点),NEW,113.5836633,23.3812736
新增(路网节点),NEW,113.4680402,23.2704796
新增(路网节点),NEW,113.6641584,22.6393185
新增(路网节点),NEW,113.4617136,23.0306619
新增(路网节点),NEW,113.5545629,22.6921047
新增(路网节点),NEW,113.4858143,22.8476401
新增(路网节点),NEW,113.4917951,22.7987829
新增(路网节点),NEW,113.308112,23.5683362
新增(路网节点),NEW,113.4556947,23.4400873
新增(路网节点),NEW,113.9253801,23.8354241
新增(路网节点),NEW,113.7737381,23.1979285
新增(路网节点),NEW,113.384254,22.8223687
新增(路网节点),NEW,113.4440238,23.2525148
新增(路网节点),NEW,114.0258339,23.8591309
新增(路网节点),NEW,113.1493026,23.4786943
新增(路网节点),NEW,113.4716336,22.8045594
新增(路网节点),NEW,113.6571816,23.1761599
新增(路网节点),NEW,113.4569432,23.027058
新增(路网节点),NEW,113.5012107,23.2761272
新增(路网节点),NEW,113.3059224,23.4913103
新增(路网节点),NEW,113.666335,22.6518455
新增(路网节点),NEW,113.8781619,23.4288787
新增(路网节点),NEW,113.4551566,23.4109895
新增(路网节点),NEW,113.7666249,23.206921
新增(路网节点),NEW,113.4079815,23.7079086
新增(路网节点),NEW,113.5427218,22.6950477
新增(路网节点),NEW,113.2801419,23.5845243
新增(路网节点),NEW,113.1589229,23.4798928
新增(路网节点),NEW,113.7517762,23.2792233
新增(路网节点),NEW,113.5410008,23.2878287
新增(路网节点),NEW,113.1378105,23.3094932
新增(路网节点),NEW,113.4580944,22.8233153
新增(路网节点),NEW,113.6894075,23.17861
新增(路网节点),NEW,113.6645907,23.3686158
新增(路网节点),NEW,113.4556798,23.0228433
新增(路网节点),NEW,113.6689428,22.6406781
新增(路网节点),NEW,113.4152303,23.4249614
新增(路网节点),NEW,113.7971352,23.4071035
新增(路网节点),NEW,113.4590905,22.8217404
新增(路网节点),NEW,113.5452863,23.3896985
新增(路网节点),NEW,113.4584429,23.5907825
新增(路网节点),NEW,113.5920793,22.7076451
新增(路网节点),NEW,113.103779,23.4615187
新增(路网节点),NEW,113.9172551,23.4879835
新增(路网节点),NEW,113.4966313,22.7958832
新增(路网节点),NEW,113.5809672,23.3799571
新增(路网节点),NEW,113.6289176,22.6321554
新增(路网节点),NEW,113.4688133,23.2225033
新增(路网节点),NEW,113.422109,22.8625905
新增(路网节点),NEW,113.5155199,23.2769241
新增(路网节点),NEW,113.4720645,22.8043326
新增(路网节点),NEW,113.6021713,23.3179226
新增(路网节点),NEW,113.7349036,23.3853688
新增(路网节点),NEW,113.4255964,23.4498585
新增(路网节点),NEW,113.865083,23.2016301
新增(路网节点),NEW,113.1505305,23.4796666
新增(路网节点),NEW,113.5157731,22.7131429
新增(路网节点),NEW,113.654713,23.340501
新增(路网节点),NEW,113.6447584,23.1804542
新增(路网节点),NEW,113.4751622,22.8846999
新增(路网节点),NEW,113.4224454,23.4376463
新增(路网节点),NEW,113.7403152,23.1991895
新增(路网节点),NEW,113.4681062,23.0302165
新增(路网节点),NEW,113.4560336,22.826624
新增(路网节点),NEW,113.6361672,23.1757989
新增(路网节点),NEW,113.4079065,23.7130624
新增(路网节点),NEW,113.2828705,23.5007134
新增(路网节点),NEW,113.9374069,23.846524
新增(路网节点),NEW,113.5459488,23.4157797
新增(路网节点),NEW,113.4476889,23.5964123
新增(路网节点),NEW,113.5215105,22.708123
新增(路网节点),NEW,113.4901978,22.8009224
新增(路网节点),NEW,113.6716907,23.3663042
新增(路网节点),NEW,113.4785092,23.2701414
新增(路网节点),NEW,113.5986556,23.316106
新增(路网节点),NEW,113.3187067,23.5731521
新增(路网节点),NEW,113.4194666,23.4275652
新增(路网节点),NEW,113.1546544,23.4790746
新增(路网节点),NEW,113.4847933,23.4185655
新增(路网节点),NEW,113.6747179,22.6225107
新增(路网节点),NEW,113.7516822,23.198082
新增(路网节点),NEW,113.4131709,22.8656332
新增(路网节点),NEW,113.6093251,23.3627011
新增(路网节点),NEW,113.697962,23.3210389
新增(路网节点),NEW,113.4522915,23.6634908
新增(路网节点),NEW,113.5685031,22.6745116
新增(路网节点),NEW,113.4645024,23.5847877
新增(路网节点),NEW,113.6984499,23.1638024
新增(路网节点),NEW,113.7864652,23.16044
新增(路网节点),NEW,113.6189985,23.1696223
新增(路网节点),NEW,113.4460517,22.8419225
新增(路网节点),NEW,113.8915893,23.4346371
新增(路网节点),NEW,113.6055895,23.3267522
新增(路网节点),NEW,113.4479881,23.447674
新增(路网节点),NEW,113.7471229,23.3940634
新增(路网节点),NEW,113.6534585,23.1836054
新增(路网节点),NEW,113.7871546,23.1586718
新增(路网节点),NEW,113.4637018,23.0344999
新增(路网节点),NEW,113.0853174,23.4529014
新增(路网节点),NEW,113.6580249,23.3355431
新增(路网节点),NEW,113.6257969,23.1704274
新增(路网节点),NEW,113.4729526,22.8893125
新增(路网节点),NEW,113.7261097,23.3756026
新增(路网节点),NEW,113.3811133,22.8586986
新增(路网节点),NEW,113.5987314,23.3710739
新增(路网节点),NEW,113.8558191,23.4210417
新增(路网节点),NEW,113.0365115,23.3055239
新增(路网节点),NEW,113.2736027,23.5918518
新增(路网节点),NEW,113.4606067,22.819291
新增(路网节点),NEW,113.4479708,23.0178848
新增(路网节点),NEW,114.0267777,23.8650132
新增(路网节点),NEW,113.5933101,23.3123998
新增(路网节点),NEW,113.3987819,23.6932363
新增(路网节点),NEW,113.8022361,23.411729
新增(路网节点),NEW,113.4177536,23.6288265
新增(路网节点),NEW,113.1348141,23.3087654
新增(路网节点),NEW,113.4494377,23.6901773
新增(路网节点),NEW,113.5965705,22.7036703
新增(路网节点),NEW,113.6979969,23.1832929
新增(路网节点),NEW,113.4470741,22.841112
新增(路网节点),NEW,113.6697542,22.6428998
新增(路网节点),NEW,113.5954434,23.3720294
新增(路网节点),NEW,113.4835679,22.7865195
新增(路网节点),NEW,113.1618256,23.4799393
新增(路网节点),NEW,113.4880142,23.4167135
新增(路网节点),NEW,113.6578912,22.650965
新增(路网节点),NEW,113.4682421,23.4672122
新增(路网节点),NEW,113.4832682,22.8743641
新增(路网节点),NEW,113.6309654,23.1727785
新增(路网节点),NEW,113.4614096,22.818011
新增(路网节点),NEW,113.4234524,23.4491744
新增(路网节点),NEW,113.4182411,22.8635746
新增(路网节点),NEW,113.6838384,23.3690644
新增(路网节点),NEW,113.6210683,23.3548512
新增(路网节点),NEW,113.8499826,23.4240246
新增(路网节点),NEW,113.5108306,22.7905798
新增(路网节点),NEW,113.1631033,23.4800814
新增(路网节点),NEW,113.3778692,22.8667677
新增(路网节点),NEW,113.5541558,23.3879337
新增(路网节点),NEW,113.9204355,23.8312991
新增(路网节点),NEW,113.6231819,22.6858868
新增(路网节点),NEW,113.7708298,23.1832016
新增(路网节点),NEW,113.4042749,23.270508
新增(路网节点),NEW,113.77406,23.4064669
新增(路网节点),NEW,113.4505125,23.018802
新增(路网节点),NEW,113.4799158,22.7789456
新增(路网节点),NEW,113.4937674,23.1915062
新增(路网节点),NEW,113.6600116,23.3296974
新增(路网节点),NEW,113.6352311,23.175046
新增(路网节点),NEW,113.4607463,22.8171056
新增(路网节点),NEW,113.6914183,23.3734224
新增(路网节点),NEW,113.7365262,23.2008635
新增(路网节点),NEW,113.148627,23.3092945
新增(路网节点),NEW,113.4463155,23.6008105
新增(路网节点),NEW,113.4721476,23.4706386
新增(路网节点),NEW,113.4250133,22.8615923
新增(路网节点),NEW,113.5862966,22.7187222
新增(路网节点),NEW,113.4858023,22.8012154
新增(路网节点),NEW,113.5595552,22.687797
新增(路网节点),NEW,113.4501348,23.6776793
新增(路网节点),NEW,113.4646269,22.8134753
新增(路网节点),NEW,113.8336534,23.421337
新增(路网节点),NEW,113.5627752,22.6843341
新增(路网节点),NEW,113.4036041,23.2710952
新增(路网节点),NEW,113.7338377,23.1983988
新增(路网节点),NEW,113.4893945,22.8000963
新增(路网节点),NEW,113.4539446,23.0214613
新增(路网节点),NEW,113.4991572,22.6974931
新增(路网节点),NEW,113.6237026,22.6327196
新增(路网节点),NEW,113.4492177,23.6821553
新增(路网节点),NEW,113.4872136,22.8617472
新增(路网节点),NEW,113.5935667,23.2030797
新增(路网节点),NEW,113.5189871,22.7178282
新增(路网节点),NEW,113.1720487,23.4794496
